epoch,accuracy,learning_rate,loss,val_accuracy,val_loss
0,0.5801451206207275,4.999999987376214e-07,5.987786293029785,0.619612991809845,0.9442794919013977
1,0.5762972831726074,4.999999987376214e-07,5.858642578125,0.6279683113098145,0.9275615215301514
2,0.5893799662590027,4.999999987376214e-07,5.71343994140625,0.6319261193275452,0.9173581600189209
3,0.5815743207931519,4.999999987376214e-07,5.660577297210693,0.6499560475349426,0.8959074020385742
4,0.5902594327926636,4.999999987376214e-07,5.557526588439941,0.6569920778274536,0.8845009803771973
